City_ID,City,Country,Date,Lat,Lng,Max Temp,Humidity,Cloudiness,Wind Speed
0,Ushuaia,AR,2022-10-02 06:38:39,-54.8,-68.3,37.06,65,0,11.5
1,Dingle,PH,2022-10-02 06:38:39,10.9995,122.6711,86.38,71,99,11.39
2,Amapa,BR,2022-10-02 06:38:40,1.0,-52.0,68.45,99,92,1.1
3,Avarua,CK,2022-10-02 06:38:40,-21.2078,-159.775,71.65,64,40,9.22
4,Saskylakh,RU,2022-10-02 06:38:41,71.9167,114.0833,29.16,95,100,14.5
5,Sitka,US,2022-10-02 06:38:41,57.0531,-135.33,48.09,87,20,6.91
6,Olinda,BR,2022-10-02 06:35:38,-8.0089,-34.8553,76.73,73,40,6.91
7,Yining,CN,2022-10-02 06:38:41,29.0361,114.5636,101.01,30,4,7.54
8,Sola,VU,2022-10-02 06:38:42,-13.8833,167.55,81.27,89,75,0.0
9,Tasiilaq,GL,2022-10-02 06:38:42,65.6145,-37.6368,35.69,99,100,10.47
10,Busselton,AU,2022-10-02 06:38:43,-33.65,115.3333,61.84,53,89,13.09
11,Hermanus,ZA,2022-10-02 06:38:43,-34.4187,19.2345,63.81,60,0,3.0
12,Butaritari,KI,2022-10-02 06:38:44,3.0707,172.7902,81.82,76,99,13.31
13,Khatanga,RU,2022-10-02 06:38:44,71.9667,102.5,26.06,94,97,12.08
14,Leningradskiy,RU,2022-10-02 06:38:44,69.3833,178.4167,26.53,80,100,6.58
15,Dunedin,NZ,2022-10-02 06:38:45,-45.8742,170.5036,49.8,76,36,3.0
16,Isangel,VU,2022-10-02 06:38:46,-19.55,169.2667,84.31,84,75,4.61
17,Jamestown,US,2022-10-02 06:36:26,42.097,-79.2353,55.02,73,100,12.66
18,Bluff,NZ,2022-10-02 06:38:46,-46.6,168.3333,47.8,69,12,4.76
19,Punta Arenas,CL,2022-10-02 06:38:46,-53.15,-70.9167,30.31,86,0,6.91
20,Sinnamary,GF,2022-10-02 06:38:47,5.3833,-52.95,77.7,89,25,6.22
21,Korla,CN,2022-10-02 06:38:47,41.7597,86.1469,60.19,16,96,14.61
22,Aberdeen,GB,2022-10-02 06:38:48,57.1437,-2.0981,52.48,86,0,6.91
23,Nantucket,US,2022-10-02 06:38:48,41.2835,-70.0995,62.71,94,100,20.71
24,Rikitea,PF,2022-10-02 06:38:49,-23.1203,-134.9692,73.54,70,6,10.31
25,Faanui,PF,2022-10-02 06:38:49,-16.4833,-151.75,78.53,71,44,14.56
26,Songjianghe,CN,2022-10-02 06:38:50,42.1859,127.479,61.95,50,100,10.56
27,Kapaa,US,2022-10-02 06:38:50,22.0752,-159.319,80.58,88,75,10.36
28,Barrow,US,2022-10-02 06:38:51,71.2906,-156.7887,28.42,69,100,13.8
29,Ilulissat,GL,2022-10-02 06:38:52,69.2167,-51.1,30.22,69,100,0.0
30,Narsaq,GL,2022-10-02 06:38:52,60.9167,-46.05,34.02,80,100,4.76
31,Rio Grande,BR,2022-10-02 06:38:53,-32.035,-52.0986,55.74,92,12,8.59
32,Cayenne,GF,2022-10-02 06:38:53,4.9333,-52.3333,73.44,100,0,0.0
33,Kodiak,US,2022-10-02 06:38:53,57.79,-152.4072,49.51,87,100,4.61
34,Mataura,NZ,2022-10-02 06:38:54,-46.1927,168.8643,47.48,84,52,2.93
35,East London,ZA,2022-10-02 06:37:16,-33.0153,27.9116,68.94,83,0,6.91
36,Kirishi,RU,2022-10-02 06:38:55,59.4471,32.0205,46.96,73,99,6.33
37,General Cepeda,MX,2022-10-02 06:38:55,25.3833,-101.45,61.07,68,96,4.9
38,Lethem,GY,2022-10-02 06:38:56,3.3803,-59.7968,76.17,74,26,7.52
39,Esperance,AU,2022-10-02 06:38:56,-33.8667,121.9,60.64,78,100,19.46
40,Pevek,RU,2022-10-02 06:38:56,69.7008,170.3133,32.58,83,100,0.92
41,Lorengau,PG,2022-10-02 06:38:57,-2.0226,147.2712,83.88,72,18,8.48
42,Waynesville,US,2022-10-02 06:38:57,35.4887,-82.9887,51.24,93,99,3.0
43,Ust-Maya,RU,2022-10-02 06:38:58,60.4167,134.5333,31.68,52,100,5.37
44,Saint-Augustin,CA,2022-10-02 06:39:58,51.226,-58.6502,36.84,66,5,10.33
45,Haines Junction,CA,2022-10-02 06:39:59,60.7522,-137.5108,33.75,80,100,1.14
46,Airai,TL,2022-10-02 06:39:59,-8.9266,125.4092,69.93,76,100,1.59
47,Komsomolskiy,UZ,2022-10-02 06:40:00,40.4272,71.7189,68.72,26,6,2.3
48,Bredasdorp,ZA,2022-10-02 06:40:00,-34.5322,20.0403,65.08,56,0,5.37
49,Osoyoos,CA,2022-10-02 06:40:01,49.0331,-119.4524,57.96,82,0,1.14
50,Atuona,PF,2022-10-02 06:40:01,-9.8,-139.0333,77.05,73,5,17.94
51,Dikson,RU,2022-10-02 06:40:01,73.5069,80.5464,33.67,86,79,13.96
52,Harper,LR,2022-10-02 06:40:02,4.375,-7.7169,75.34,91,100,7.83
53,Luderitz,NA,2022-10-02 06:40:03,-26.6481,15.1594,66.33,54,0,7.83
54,Kloulklubed,PW,2022-10-02 06:36:47,7.0419,134.2556,84.7,67,39,2.51
55,Hervey Bay,AU,2022-10-02 06:40:03,-25.2986,152.8535,65.01,85,63,14.0
56,Jesup,US,2022-10-02 06:40:04,31.6074,-81.8854,64.35,82,0,0.0
57,Asau,RO,2022-10-02 06:40:05,46.4333,26.4,58.28,63,85,14.09
58,Olafsvik,IS,2022-10-02 06:40:05,64.8945,-23.7142,47.1,89,100,10.16
59,Winneba,GH,2022-10-02 06:40:06,5.3511,-0.6231,75.25,91,93,4.92
60,Vestmannaeyjar,IS,2022-10-02 06:40:06,63.4427,-20.2734,48.16,79,100,28.3
61,Buribay,RU,2022-10-02 06:40:06,51.9617,58.1592,49.06,38,46,12.73
62,Port Elizabeth,ZA,2022-10-02 06:40:08,-33.918,25.5701,66.31,80,20,8.05
63,San Ignacio,BZ,2022-10-02 06:40:09,17.1561,-89.0714,73.54,94,0,0.0
64,Galle,LK,2022-10-02 06:40:09,6.0367,80.217,83.03,77,100,18.7
65,Cap Malheureux,MU,2022-10-02 06:40:09,-19.9842,57.6142,77.47,51,41,11.99
66,Yar-Sale,RU,2022-10-02 06:40:10,66.8333,70.8333,34.68,90,100,15.88
67,Okhotsk,RU,2022-10-02 06:40:10,59.3833,143.3,39.43,58,100,6.85
68,New Norfolk,AU,2022-10-02 06:40:11,-42.7826,147.0587,61.72,48,100,1.99
69,Vaini,TO,2022-10-02 06:40:11,-21.2,-175.2,75.36,83,20,5.75
70,Angoche,MZ,2022-10-02 06:40:11,-16.2325,39.9086,81.66,61,0,6.98
71,Douglas,US,2022-10-02 06:40:12,41.3,-96.167,61.68,57,0,8.05
72,Mehamn,NO,2022-10-02 06:40:13,71.0357,27.8492,40.91,87,100,1.14
73,Atar,MR,2022-10-02 06:40:13,20.5169,-13.0499,76.78,33,0,5.55
74,Hobart,AU,2022-10-02 06:35:40,-42.8794,147.3294,62.06,52,0,9.22
75,Lufilufi,WS,2022-10-02 06:40:14,-13.8745,-171.5986,76.78,70,32,19.73
76,Upernavik,GL,2022-10-02 06:40:14,72.7868,-56.1549,19.83,86,22,6.24
77,Anadyr,RU,2022-10-02 06:40:15,64.75,177.4833,34.3,80,0,2.24
78,Bilma,NE,2022-10-02 06:40:15,18.6853,12.9164,90.32,12,0,8.97
79,Severodvinsk,RU,2022-10-02 06:40:16,64.5635,39.8302,42.91,87,86,2.98
80,Rocha,UY,2022-10-02 06:40:16,-34.4833,-54.3333,47.01,89,7,2.84
81,Longyearbyen,SJ,2022-10-02 06:40:17,78.2186,15.6401,35.44,93,75,3.44
82,Tuktoyaktuk,CA,2022-10-02 06:40:17,69.4541,-133.0374,29.79,80,100,18.03
83,Valparaiso,CL,2022-10-02 06:38:35,-33.0393,-71.6273,56.48,94,100,2.3
84,Sri Aman,MY,2022-10-02 06:40:18,1.2376,111.4621,77.05,88,40,1.14
85,Cape Town,ZA,2022-10-02 06:36:04,-33.9258,18.4232,66.11,71,0,4.61
86,Victoria,HK,2022-10-02 06:40:18,22.2855,114.1577,92.17,78,6,3.0
87,Taguatinga,BR,2022-10-02 06:40:19,-12.3857,-46.5711,79.7,43,31,7.25
88,Lebu,CL,2022-10-02 06:40:19,-37.6167,-73.65,50.31,89,100,7.05
89,Bella Vista,US,2022-10-02 06:41:20,36.4295,-94.2316,58.12,67,0,3.44
90,Yellowknife,CA,2022-10-02 06:41:20,62.456,-114.3525,55.92,82,75,9.22
91,Araci,BR,2022-10-02 06:41:21,-11.3333,-38.9667,65.88,99,44,3.33
92,Chokurdakh,RU,2022-10-02 06:41:21,70.6333,147.9167,23.49,82,99,6.85
93,Payakumbuh,ID,2022-10-02 06:38:53,-0.2202,100.6308,75.9,84,100,0.51
94,Bulgan,MN,2022-10-02 06:41:22,48.8125,103.5347,33.12,33,100,6.04
95,Mindelo,CV,2022-10-02 06:41:22,16.8901,-24.9804,76.55,73,20,16.11
96,Christchurch,NZ,2022-10-02 06:41:04,-43.5333,172.6333,50.2,66,100,18.41
97,Margate,GB,2022-10-02 06:41:23,51.3813,1.3862,56.3,90,100,1.99
98,Puerto Ayora,EC,2022-10-02 06:41:23,-0.7393,-90.3518,63.55,100,99,4.0
99,Saldanha,ZA,2022-10-02 06:41:24,-33.0117,17.9442,53.65,63,0,7.31
100,Port Lincoln,AU,2022-10-02 06:41:24,-34.7333,135.8667,63.63,65,99,11.27
101,Castro,BR,2022-10-02 06:41:25,-24.7911,-50.0119,53.91,96,5,2.3
102,Tiksi,RU,2022-10-02 06:41:25,71.6872,128.8694,23.9,84,100,16.08
103,Taseyevo,RU,2022-10-02 06:41:26,57.2169,94.8978,35.4,85,100,8.14
104,Port-Gentil,GA,2022-10-02 06:41:26,-0.7193,8.7815,75.16,100,75,3.44
105,Baykit,RU,2022-10-02 06:41:26,61.67,96.37,34.3,66,100,9.91
106,Mecca,SA,2022-10-02 06:38:42,21.4267,39.8261,93.33,28,0,6.04
107,Kruisfontein,ZA,2022-10-02 06:41:27,-34.0033,24.7314,57.88,55,6,6.11
108,Akure,NG,2022-10-02 06:41:27,7.2526,5.1931,71.15,96,100,2.95
109,Arraial Do Cabo,BR,2022-10-02 06:41:27,-22.9661,-42.0278,67.35,88,83,12.75
110,Half Moon Bay,US,2022-10-02 06:41:28,37.4636,-122.4286,64.2,84,100,10.36
111,Khoy,IR,2022-10-02 06:41:29,38.5504,44.9535,69.75,30,0,2.1
112,Katsuura,JP,2022-10-02 06:41:29,35.1333,140.3,75.54,67,39,12.24
113,Teruel,ES,2022-10-02 06:41:29,40.6667,-0.6667,55.63,47,8,4.38
114,Nouadhibou,MR,2022-10-02 06:41:30,20.931,-17.0347,69.76,77,0,15.43
115,Norman Wells,CA,2022-10-02 06:41:30,65.282,-126.8329,37.44,87,100,20.71
116,Naryan-Mar,RU,2022-10-02 06:41:31,67.6713,53.087,40.59,87,100,10.36
117,Sabha,LY,2022-10-02 06:41:31,27.0377,14.4283,85.98,20,0,12.91
118,Albany,US,2022-10-02 06:41:31,42.6001,-73.9662,54.01,81,3,9.86
119,Port Augusta,AU,2022-10-02 06:41:32,-32.5,137.7667,77.94,24,77,12.06
120,Kisanga,TZ,2022-10-02 06:41:32,-7.4362,37.7034,82.74,48,10,4.34
121,Puerto Carreno,CO,2022-10-02 06:41:32,6.189,-67.4859,72.75,95,100,1.68
122,Belomorsk,RU,2022-10-02 06:41:33,64.5232,34.7668,41.9,66,9,1.7
123,Sajanan,TN,2022-10-02 06:41:33,37.0573,9.2426,61.72,64,0,9.01
124,Andros,GR,2022-10-02 06:41:34,37.8333,24.9333,79.36,65,0,8.99
125,Rach Gia,VN,2022-10-02 06:38:55,10.0167,105.0833,80.89,83,100,7.23
126,Fukue,JP,2022-10-02 06:41:34,32.6881,128.8419,77.36,83,75,8.05
127,Chuy,UY,2022-10-02 06:41:35,-33.6971,-53.4616,51.49,95,30,4.56
128,Bambous Virieux,MU,2022-10-02 06:41:35,-20.3428,57.7575,77.22,53,75,11.5
129,Wanning,CN,2022-10-02 06:41:35,18.8003,110.3967,84.92,71,93,6.89
130,Darab,IR,2022-10-02 06:41:36,28.7519,54.5444,87.21,11,0,3.11
131,Nikolskoye,RU,2022-10-02 06:41:36,59.7035,30.7861,45.79,76,96,3.85
132,Axim,GH,2022-10-02 06:41:37,4.8699,-2.2405,76.12,88,78,3.94
133,Newala,TZ,2022-10-02 06:41:37,-10.9431,39.2787,77.79,43,0,7.09
134,Nyrob,RU,2022-10-02 06:41:38,60.733,56.7202,46.13,76,100,9.17
135,Emerald,AU,2022-10-02 06:41:38,-23.5333,148.1667,82.35,36,91,3.15
136,Cherskiy,RU,2022-10-02 06:42:39,68.75,161.3,30.45,99,100,3.06
137,Karasjok,NO,2022-10-02 06:42:39,69.4719,25.5112,35.87,100,100,3.71
138,Hithadhoo,MV,2022-10-02 06:42:39,-0.6,73.0833,81.95,70,97,17.02
139,Henties Bay,NA,2022-10-02 06:42:40,-22.116,14.2845,59.14,79,5,7.11
140,Carnarvon,AU,2022-10-02 06:42:40,-24.8667,113.6333,73.65,57,2,18.86
141,Saint-Philippe,RE,2022-10-02 06:42:40,-21.3585,55.7679,76.59,65,24,11.34
142,Mar Del Plata,AR,2022-10-02 06:41:40,-38.0023,-57.5575,54.09,82,0,8.99
143,Torbay,CA,2022-10-02 06:42:41,47.6666,-52.7314,50.76,88,100,10.36
144,Cuajinicuilapa,MX,2022-10-02 06:42:41,16.4667,-98.4167,73.17,94,73,3.62
145,Muros,ES,2022-10-02 06:42:42,42.7762,-9.0603,58.15,96,92,5.46
146,Fare,PF,2022-10-02 06:42:42,-16.7,-151.0167,78.24,73,89,14.16
147,Weston,US,2022-10-02 06:40:46,26.1004,-80.3998,77.02,89,100,5.75
148,Maumere,ID,2022-10-02 06:42:42,-8.6199,122.2111,84.25,70,52,0.74
149,Cidreira,BR,2022-10-02 06:42:43,-30.1811,-50.2056,56.14,94,16,7.29
150,Hilo,US,2022-10-02 06:42:43,19.7297,-155.09,74.93,87,40,5.75
151,Ahipara,NZ,2022-10-02 06:42:43,-35.1667,173.1667,59.0,95,100,13.38
152,Raymondville,US,2022-10-02 06:42:44,26.4815,-97.7831,66.31,63,10,4.05
153,Provideniya,RU,2022-10-02 06:42:44,64.3833,-173.3,36.54,78,26,11.07
154,Houma,US,2022-10-02 06:40:03,29.5958,-90.7195,61.0,86,0,5.75
155,Nanortalik,GL,2022-10-02 06:42:45,60.1432,-45.2371,38.19,82,100,7.99
156,Nishihara,JP,2022-10-02 06:42:45,26.1842,127.7558,87.85,62,40,14.97
157,Thunder Bay,CA,2022-10-02 06:42:38,48.4001,-89.3168,37.38,93,0,2.3
158,Batticaloa,LK,2022-10-02 06:42:46,7.7102,81.6924,93.67,45,100,18.37
159,Kosovska Mitrovica,XK,2022-10-02 06:42:46,42.8833,20.8667,63.18,73,0,5.41
160,Port Blair,IN,2022-10-02 06:38:34,11.6667,92.75,87.84,66,40,13.8
161,Oum Hadjer,TD,2022-10-02 06:42:46,13.2954,19.6966,86.18,45,52,9.24
162,Oktyabrskoye,RU,2022-10-02 06:42:47,43.0645,44.7417,64.54,68,100,2.24
163,Severo-Kurilsk,RU,2022-10-02 06:38:58,50.6789,156.125,45.68,67,13,25.59
164,Ponta Do Sol,PT,2022-10-02 06:42:48,32.6667,-17.1,70.43,74,16,4.74
165,Kahului,US,2022-10-02 06:42:49,20.8947,-156.47,80.62,76,40,6.91
166,Minnedosa,CA,2022-10-02 06:42:49,50.2453,-99.8436,46.96,89,100,5.1
167,Maltahohe,NA,2022-10-02 06:42:50,-24.8333,16.9833,80.4,7,1,3.8
168,Spring Hill,US,2022-10-02 06:40:13,28.4769,-82.5255,69.82,100,0,0.0
169,Anju,KP,2022-10-02 06:42:51,39.6178,125.6647,60.67,90,100,11.99
170,Lompoc,US,2022-10-02 06:42:51,34.6391,-120.4579,61.79,93,0,0.0
171,Beringovskiy,RU,2022-10-02 06:42:51,63.05,179.3167,39.76,94,100,15.66
172,Pisco,PE,2022-10-02 06:42:52,-13.7,-76.2167,59.05,88,14,12.66
173,Banda Aceh,ID,2022-10-02 06:42:52,5.5577,95.3222,84.97,68,100,10.94
174,Liberal,US,2022-10-02 06:42:53,37.0431,-100.921,61.84,51,0,8.05
175,Riyadh,SA,2022-10-02 06:41:07,24.6877,46.7219,87.94,12,0,3.47
176,Celestun,MX,2022-10-02 06:42:53,20.8667,-90.4,75.69,72,57,2.98
177,Neiafu,TO,2022-10-02 06:42:53,-18.65,-173.9833,77.68,78,20,9.22
178,Myitkyina,MM,2022-10-02 06:42:54,25.3833,97.4,90.66,57,93,2.1
179,Bichena,ET,2022-10-02 06:42:54,10.45,38.2,60.35,72,32,4.56
180,Ribeira Grande,PT,2022-10-02 06:42:55,38.5167,-28.7,72.0,88,40,16.11
181,San Andres,CO,2022-10-02 06:42:55,12.5847,-81.7006,77.02,100,75,2.3
182,Carutapera,BR,2022-10-02 06:42:56,-1.195,-46.02,78.06,80,41,8.08
183,Saint George,US,2022-10-02 06:43:56,37.1041,-113.5841,75.94,37,40,6.91
184,Kavaratti,IN,2022-10-02 06:43:57,10.5669,72.642,81.25,78,100,12.3
185,Virden,US,2022-10-02 06:43:57,39.5009,-89.7679,53.65,76,0,7.43
186,Lagoa,PT,2022-10-02 06:43:57,39.05,-27.9833,70.39,88,100,25.59
187,Yatou,CN,2022-10-02 06:43:58,37.15,122.3833,73.35,95,100,17.11
188,Pangnirtung,CA,2022-10-02 06:43:58,66.1451,-65.7125,28.74,51,5,5.14
189,Ugoofaaru,MV,2022-10-02 06:43:59,5.6667,73.0,82.44,74,100,18.39
190,Kota Bahru,MY,2022-10-02 06:43:59,6.1333,102.2386,87.75,66,20,5.99
191,Vila Franca Do Campo,PT,2022-10-02 06:43:59,37.7167,-25.4333,72.19,78,100,13.38
192,Mahebourg,MU,2022-10-02 06:44:00,-20.4081,57.7,77.25,53,75,11.5
193,Port Alfred,ZA,2022-10-02 06:44:00,-33.5906,26.891,64.18,87,32,9.73
194,College,US,2022-10-02 06:44:00,64.8569,-147.8028,44.55,88,75,0.0
195,Dom Pedrito,BR,2022-10-02 06:44:01,-30.9828,-54.6731,50.23,93,0,5.75
196,Khani,GE,2022-10-02 06:44:01,41.9563,42.9566,67.57,35,59,4.85
197,Martapura,ID,2022-10-02 06:44:02,-3.4167,114.85,87.6,64,89,4.21
198,Salalah,OM,2022-10-02 06:44:02,17.0151,54.0924,84.29,70,40,8.05
199,Zhigansk,RU,2022-10-02 06:44:02,66.7697,123.3711,28.54,71,88,3.98
200,Umba,RU,2022-10-02 06:44:03,66.6871,34.3429,39.09,82,27,4.5
201,Demirci,TR,2022-10-02 06:44:03,39.0461,28.6589,76.77,34,79,9.93
202,Thompson,CA,2022-10-02 06:44:04,55.7435,-97.8558,39.36,70,40,0.0
203,Colac,AU,2022-10-02 06:44:04,-38.3333,143.5833,61.18,53,76,3.96
204,Bethel,US,2022-10-02 06:44:04,41.3712,-73.414,60.49,59,100,1.01
205,Russell,US,2022-10-02 06:42:32,32.3502,-85.1999,64.0,94,0,0.0
206,Selikhino,RU,2022-10-02 06:44:05,50.3672,137.4996,51.67,77,100,9.17
207,Hasaki,JP,2022-10-02 06:44:05,35.7333,140.8333,81.21,60,70,11.27
208,Lalmohan,BD,2022-10-02 06:44:06,22.3384,90.7419,82.24,83,100,11.63
209,Carberry,CA,2022-10-02 06:43:22,49.8689,-99.3602,48.43,88,100,4.21
210,Namibe,AO,2022-10-02 06:44:06,-15.1961,12.1522,66.7,80,5,4.27
211,Tuatapere,NZ,2022-10-02 06:44:07,-46.1333,167.6833,45.28,88,73,3.89
212,Kavieng,PG,2022-10-02 06:44:07,-2.5744,150.7967,83.3,74,13,9.19
213,Touros,BR,2022-10-02 06:44:08,-5.1989,-35.4608,74.95,79,0,13.69
214,Yulara,AU,2022-10-02 06:44:08,-25.2406,130.9889,76.37,44,93,14.61
215,Zavitinsk,RU,2022-10-02 06:44:09,50.1167,129.45,46.11,98,100,6.91
216,Naica,MX,2022-10-02 06:44:09,27.85,-105.4833,63.79,59,6,3.8
217,Stokmarknes,NO,2022-10-02 06:44:10,68.5646,14.9108,39.18,81,100,6.91
218,Bowen,AU,2022-10-02 06:44:10,-20.0167,148.2333,76.08,62,64,10.58
219,Pandan,PH,2022-10-02 06:44:10,14.0453,124.1694,83.12,84,100,12.24
220,Saint-Pierre,RE,2022-10-02 06:44:11,-21.3393,55.4781,76.68,50,0,23.02
221,Qaanaaq,GL,2022-10-02 06:44:11,77.484,-69.3632,5.76,68,6,8.25
222,Fortuna,US,2022-10-02 06:44:12,40.5982,-124.1573,56.93,88,33,2.19
223,Katangli,RU,2022-10-02 06:44:12,51.7102,143.2326,48.24,67,95,12.93
224,Naduvattam,IN,2022-10-02 06:44:12,11.4833,76.5667,65.48,69,100,3.98
225,Khasan,RU,2022-10-02 06:44:13,42.4308,130.6434,61.92,94,100,10.96
226,Yerbogachen,RU,2022-10-02 06:44:13,61.2767,108.0108,32.36,65,100,8.75
227,Puerto Leguizamo,CO,2022-10-02 06:45:14,-0.1934,-74.7819,69.87,98,98,0.51
228,Jaciara,BR,2022-10-02 06:44:12,-15.9653,-54.9683,74.32,75,88,1.48
229,Toucheng,TW,2022-10-02 06:45:14,24.8592,121.8233,93.15,74,20,11.14
230,Guipavas,FR,2022-10-02 06:45:15,48.4352,-4.3972,62.6,96,100,19.57
231,Sobolevo,RU,2022-10-02 06:45:15,54.4299,31.8996,48.24,82,100,5.82
232,Najran,SA,2022-10-02 06:44:30,17.4924,44.1277,84.85,20,0,2.84
233,Hun,LY,2022-10-02 06:45:16,29.1268,15.9477,79.11,71,25,14.23
234,Belmonte,BR,2022-10-02 06:45:16,-15.8631,-38.8828,73.63,87,98,7.2
235,Yumen,CN,2022-10-02 06:45:16,40.2833,97.2,49.19,15,100,18.41
236,Cardoso,BR,2022-10-02 06:45:17,-20.0819,-49.9142,70.93,74,3,6.15
237,Tommot,RU,2022-10-02 06:45:17,58.9564,126.2925,32.77,93,100,5.68
238,Corrente,BR,2022-10-02 06:45:17,-3.7367,-43.3394,70.09,99,11,2.26
239,Amga,RU,2022-10-02 06:45:18,60.8953,131.9608,32.41,49,100,7.63
240,Leo,BF,2022-10-02 06:45:18,11.1,-2.1,71.38,92,81,6.96
241,Canyon,US,2022-10-02 06:45:19,34.9803,-101.9188,66.04,44,8,9.01
242,San Patricio,US,2022-10-02 06:45:19,28.017,-97.5169,77.85,62,9,6.35
243,Geraldton,AU,2022-10-02 06:45:20,-28.7667,114.6,73.81,56,40,21.85
244,Georgetown,MY,2022-10-02 06:45:20,5.4112,100.3354,91.33,65,20,8.05
245,Yulin,CN,2022-10-02 06:45:20,22.6333,110.15,87.08,68,38,6.98
246,Yarmouth,US,2022-10-02 06:45:21,41.7057,-70.2286,59.97,95,100,14.97
247,Collie,AU,2022-10-02 06:45:21,-33.3667,116.15,60.55,53,87,11.48
248,Boda,CF,2022-10-02 06:45:22,4.3189,17.4695,74.23,88,47,3.38
249,Makakilo City,US,2022-10-02 06:45:22,21.3469,-158.0858,79.12,74,0,5.75
250,Zavyalovo,RU,2022-10-02 06:45:22,54.5053,82.4484,40.28,66,27,5.06
251,Bilibino,RU,2022-10-02 06:45:23,68.0546,166.4372,28.63,88,100,1.28
252,Saint-Jean-De-Maurienne,FR,2022-10-02 06:45:23,45.1667,6.5833,36.14,94,82,5.19
253,Codrington,AU,2022-10-02 06:45:24,-38.2667,141.9667,56.75,78,99,8.97
254,Hofn,IS,2022-10-02 06:45:24,64.2539,-15.2082,47.25,79,91,11.48
255,Bandarbeyla,SO,2022-10-02 06:45:24,9.4942,50.8122,86.88,55,14,20.49
256,Sakakah,SA,2022-10-02 06:45:25,29.9697,40.2064,81.97,17,0,3.02
257,Nola,IT,2022-10-02 06:45:25,40.922,14.5329,68.63,80,0,2.53
258,Nyurba,RU,2022-10-02 06:45:26,63.2842,118.3319,31.6,56,100,5.48
259,Bikapur,IN,2022-10-02 06:45:26,26.6,82.1333,91.26,48,0,5.48
260,Ilhabela,BR,2022-10-02 06:45:26,-23.7781,-45.3581,65.88,91,1,3.91
261,Klaksvik,FO,2022-10-02 06:45:27,62.2266,-6.589,50.92,80,95,28.07
262,Bonito,BR,2022-10-02 06:45:27,-21.1211,-56.4819,66.83,91,6,2.84
263,Cabras,IT,2022-10-02 06:45:27,39.93,8.5314,72.23,69,1,10.58
264,Constitucion,CL,2022-10-02 06:45:28,-35.3333,-72.4167,54.45,81,93,2.75
265,Alofi,NU,2022-10-02 06:45:28,-19.0595,-169.9187,73.29,78,6,8.05
266,Berezovyy,RU,2022-10-02 06:45:29,51.6667,135.7,50.88,72,100,5.79
267,Cabo San Lucas,MX,2022-10-02 06:41:32,22.8909,-109.9124,78.62,77,26,5.61
268,Iqaluit,CA,2022-10-02 06:45:29,63.7506,-68.5145,29.93,80,75,21.85
269,Kabo,CF,2022-10-02 06:45:29,7.6994,18.629,73.49,93,100,5.84
270,Valadares,PT,2022-10-02 06:45:30,41.1474,-7.9812,51.46,51,100,4.94
271,Richards Bay,ZA,2022-10-02 06:45:30,-28.783,32.0377,73.83,71,95,7.0
272,Kaitangata,NZ,2022-10-02 06:45:30,-46.2817,169.8464,45.95,92,0,3.8
273,Shalinskoye,RU,2022-10-02 06:46:31,55.7228,93.7594,36.41,68,100,10.63
274,Thinadhoo,MV,2022-10-02 06:46:31,0.5333,72.9333,81.61,74,100,16.8
275,Guerrero Negro,MX,2022-10-02 06:46:17,27.9769,-114.0611,68.38,79,1,11.52
276,Tessalit,ML,2022-10-02 06:46:32,20.1986,1.0114,83.05,44,29,4.9
277,Marrakesh,MA,2022-10-02 06:43:01,31.6315,-8.0083,68.07,60,40,5.75
278,Bawku,GH,2022-10-02 06:46:32,11.0616,-0.2417,73.58,88,100,5.17
279,Mabaruma,GY,2022-10-02 06:46:32,8.2,-59.7833,74.88,97,46,2.55
280,Ukiah,US,2022-10-02 06:46:33,39.1502,-123.2078,61.38,86,0,5.75
281,Mattawa,US,2022-10-02 06:46:33,46.7379,-119.9028,59.02,52,0,7.0
282,Talnakh,RU,2022-10-02 06:46:34,69.4865,88.3972,31.21,88,93,7.29
283,Morgantown,US,2022-10-02 06:42:01,39.6295,-79.9559,54.45,95,100,6.91
284,San Cristobal,VE,2022-10-02 06:46:34,7.7669,-72.225,65.25,88,92,2.64
285,Shenzhen,CN,2022-10-02 06:46:35,22.5455,114.0683,89.85,66,2,12.68
286,Revda,RU,2022-10-02 06:46:35,56.801,59.9303,51.73,61,94,7.52
287,Roma,US,2022-10-02 06:46:36,43.2128,-75.4557,52.57,80,0,1.99
288,Novo Aripuana,BR,2022-10-02 06:46:36,-5.1206,-60.3797,71.82,96,100,0.56
289,Karaidel,RU,2022-10-02 06:46:37,55.8337,56.9069,51.35,47,100,11.83
290,Laguna,US,2022-10-02 06:46:37,38.421,-121.4238,63.79,82,0,10.36
291,Bud,US,2022-10-02 06:46:37,39.447,-86.1758,57.67,75,0,8.19
292,Kostelec Nad Orlici,CZ,2022-10-02 06:46:38,50.1227,16.2132,51.62,92,56,10.6
293,Mitu,CO,2022-10-02 06:46:38,1.1983,-70.1733,68.77,100,100,1.86
294,Iwaki,JP,2022-10-02 06:46:38,37.05,140.8833,84.81,65,34,3.0
295,Centralia,US,2022-10-02 06:46:05,46.7162,-122.9543,62.26,87,0,0.0
296,Black River,JM,2022-10-02 06:46:39,18.0264,-77.8487,77.65,85,98,3.89
297,Natal,BR,2022-10-02 06:44:21,-5.795,-35.2094,73.62,88,20,4.61
298,Turukhansk,RU,2022-10-02 06:46:39,65.8167,87.9833,34.5,61,100,11.5
299,Roebourne,AU,2022-10-02 06:46:39,-20.7833,117.1333,86.83,29,0,24.38
300,Goderich,CA,2022-10-02 06:42:41,43.7501,-81.7165,53.92,76,0,12.66
301,Melfort,CA,2022-10-02 06:46:40,52.8667,-104.6177,50.13,57,0,12.66
302,Walvis Bay,NA,2022-10-02 06:46:40,-22.9575,14.5053,55.09,70,6,3.65
303,Grindavik,IS,2022-10-02 06:46:41,63.8424,-22.4338,46.35,93,100,29.93
304,Kupang,ID,2022-10-02 06:46:41,-10.1667,123.5833,84.96,67,31,6.17
305,Beniganj,IN,2022-10-02 06:46:41,27.2833,80.45,91.27,44,0,7.52
306,Mamallapuram,IN,2022-10-02 06:46:42,12.6264,80.1722,89.65,53,100,14.5
307,Karymskoye,RU,2022-10-02 06:46:42,51.6167,114.35,40.53,30,100,15.14
308,Suhbaatar,MN,2022-10-02 06:46:42,50.2314,106.2078,40.69,30,100,8.12
309,Ulladulla,AU,2022-10-02 06:46:43,-35.35,150.4667,58.17,65,9,5.1
310,Villa Carlos Paz,AR,2022-10-02 06:46:43,-31.4241,-64.4978,56.39,53,6,2.71
311,Kollam,IN,2022-10-02 06:46:43,8.8833,76.6,82.11,75,74,10.22
312,Jeremie,HT,2022-10-02 06:46:44,18.65,-74.1167,79.29,81,72,4.38
313,Kununurra,AU,2022-10-02 06:46:44,-15.7667,128.7333,82.38,57,100,6.91
314,Dan Khun Thot,TH,2022-10-02 06:46:45,15.2085,101.7714,79.86,85,100,5.44
315,Price,US,2022-10-02 06:46:45,39.5994,-110.8107,58.12,82,75,3.44
316,Manokwari,ID,2022-10-02 06:46:46,-0.8667,134.0833,83.7,68,100,7.43
317,Seddon,AU,2022-10-02 06:46:46,-37.8068,144.8916,65.86,55,20,13.8
318,Presidencia Roque Saenz Pena,AR,2022-10-02 06:46:46,-26.7852,-60.4388,55.85,71,0,6.38
319,Tokur,RU,2022-10-02 06:46:47,53.1333,132.9,35.82,97,100,8.43
320,Kinkala,CG,2022-10-02 06:46:47,-4.3614,14.7644,75.25,78,100,6.58
321,Limbe,CM,2022-10-02 06:47:47,4.0242,9.2149,77.09,87,100,2.19
322,Paita,PE,2022-10-02 06:47:48,-5.0892,-81.1144,61.63,88,18,11.95
323,Iguguno,TZ,2022-10-02 06:47:48,-4.5697,34.6275,77.9,38,74,11.18
324,Clyde River,CA,2022-10-02 06:47:49,70.4692,-68.5914,21.43,86,0,3.44
325,Tarquinia,IT,2022-10-02 06:47:49,42.2482,11.7553,69.58,72,0,4.36
326,Kastamonu,TR,2022-10-02 06:47:49,41.5,33.6667,60.82,38,100,5.19
327,Antalaha,MG,2022-10-02 06:47:50,-14.9003,50.2788,72.07,78,97,8.57
328,Iquique,CL,2022-10-02 06:47:50,-20.2208,-70.1431,57.24,65,18,4.72
329,Waddan,LY,2022-10-02 06:47:50,29.1614,16.139,79.86,68,7,11.72
330,Synya,RU,2022-10-02 06:47:51,65.3718,58.0387,39.07,95,100,7.9
331,Ayan,RU,2022-10-02 06:47:51,56.45,138.1667,40.32,80,100,6.71
332,Rubbestadneset,NO,2022-10-02 06:47:52,59.8147,5.2681,51.48,82,78,5.28
333,Krasnoselkup,RU,2022-10-02 06:47:52,65.7,82.4667,36.23,51,100,16.58
334,Igarka,RU,2022-10-02 06:47:52,67.4667,86.5833,34.93,55,30,8.39
335,Sao Filipe,CV,2022-10-02 06:47:53,14.8961,-24.4956,77.14,73,99,8.46
336,Pinahat,IN,2022-10-02 06:47:53,26.8839,78.3781,93.27,38,0,8.46
337,Kangaba,ML,2022-10-02 06:47:53,11.9333,-8.4167,71.74,89,99,0.2
338,Padang,ID,2022-10-02 06:44:04,-0.9492,100.3543,82.45,93,100,0.69
339,Kachug,RU,2022-10-02 06:47:54,53.9606,105.8817,34.81,59,100,10.47
340,Ambilobe,MG,2022-10-02 06:47:54,-13.2,49.05,88.56,28,0,6.67
341,Urengoy,RU,2022-10-02 06:47:55,65.9667,78.3667,36.64,53,95,15.55
342,Williams Lake,CA,2022-10-02 06:47:55,52.1415,-122.1445,58.57,84,0,4.61
343,Marawi,PH,2022-10-02 06:47:55,7.9986,124.2928,77.49,84,99,3.56
344,Baculin,PH,2022-10-02 06:47:56,7.4525,126.5842,85.03,70,34,5.84
345,Santa Maria,BR,2022-10-02 06:47:56,-29.6842,-53.8069,51.37,95,0,3.18
346,Los Llanos De Aridane,ES,2022-10-02 06:47:57,28.6585,-17.9182,65.95,89,75,8.05
347,San Jose,US,2022-10-02 06:47:24,37.3394,-121.895,64.27,80,75,5.75
348,Kyakhta,RU,2022-10-02 06:47:57,50.3508,106.4494,38.77,30,100,12.55
349,Sao Borja,BR,2022-10-02 06:47:57,-28.6606,-56.0044,53.94,92,0,4.97
350,Sarkand,KZ,2022-10-02 06:47:58,45.41,79.9186,54.39,13,0,6.89
351,Ardesen,TR,2022-10-02 06:47:58,41.1911,40.9875,76.08,47,9,1.97
352,Zemio,CF,2022-10-02 06:47:59,5.0314,25.1361,74.98,83,100,3.13
353,Saint-Leu,RE,2022-10-02 06:47:59,-21.15,55.2833,76.06,66,35,1.61
354,Tauranga,NZ,2022-10-02 06:47:59,-37.6861,176.1667,62.94,90,96,7.0
355,Chone,EC,2022-10-02 06:48:00,-0.6833,-80.1,70.83,85,89,4.05
356,Chandil,IN,2022-10-02 06:48:00,22.9667,86.05,89.4,80,100,6.51
357,Northam,GB,2022-10-02 06:48:01,51.0333,-4.2167,54.25,90,100,10.04
358,Rio Gallegos,AR,2022-10-02 06:48:01,-51.6226,-69.2181,28.45,86,0,3.44
359,Hualmay,PE,2022-10-02 06:48:02,-11.0964,-77.6139,61.05,86,54,9.71
360,Nanzhang,CN,2022-10-02 06:48:03,31.7765,111.8386,102.06,30,47,4.94
361,Linhares,BR,2022-10-02 06:48:03,-19.3911,-40.0722,65.07,84,85,2.77
362,Banon,ES,2022-10-02 06:48:04,40.8382,-1.1909,54.66,67,0,0.0
363,Chumikan,RU,2022-10-02 06:48:04,54.7183,135.315,42.01,73,100,2.59
364,Fonte Boa,BR,2022-10-02 06:48:04,-2.4959,-66.2662,71.67,99,100,1.45
365,Bayan,CN,2022-10-02 06:48:05,46.0833,127.4,72.72,59,86,6.98
366,Talcahuano,CL,2022-10-02 06:48:05,-36.7167,-73.1167,51.48,93,100,8.05
367,Itarema,BR,2022-10-02 06:48:06,-2.9248,-39.9167,77.18,83,25,15.64
368,Steinbach,DE,2022-10-02 06:49:06,50.1667,8.5667,56.64,93,100,6.91
369,Camacha,PT,2022-10-02 06:49:06,33.0833,-16.3333,65.62,73,40,10.36
370,Karratha,AU,2022-10-02 06:49:07,-20.7377,116.8463,84.25,32,0,25.39
371,Gao,ML,2022-10-02 06:49:07,16.6362,1.637,84.72,46,18,6.15
372,Gold Coast,AU,2022-10-02 06:49:08,-28.0,153.4333,64.99,79,100,10.36
373,Aykhal,RU,2022-10-02 06:49:09,66.0,111.5,25.27,93,100,16.87
374,Sao Joao Da Barra,BR,2022-10-02 06:44:59,-21.6403,-41.0511,67.84,85,0,9.8
375,Sagauli,IN,2022-10-02 06:49:09,26.7833,84.7333,92.19,47,0,5.39
376,Saint-Joseph,RE,2022-10-02 06:49:10,-21.3667,55.6167,75.58,64,18,10.31
377,Ingham,US,2022-10-02 06:49:10,42.6,-84.3833,57.06,86,100,9.22
378,Champerico,GT,2022-10-02 06:49:11,14.3,-91.9167,76.96,86,100,6.4
379,Dondo,MZ,2022-10-02 06:49:11,-19.6094,34.7431,74.71,47,0,3.36
380,Ondangwa,NA,2022-10-02 06:49:12,-17.9167,15.95,73.4,21,0,3.44
381,Xiongzhou,CN,2022-10-02 06:49:12,25.1167,114.3,100.38,32,20,7.65
382,Adrar,MR,2022-10-02 06:49:13,20.5022,-10.0711,75.79,28,5,7.81
383,Hobyo,SO,2022-10-02 06:49:13,5.3505,48.5268,82.0,65,6,18.52
384,Sungaipenuh,ID,2022-10-02 06:49:13,-2.0833,101.3833,68.47,93,99,1.41
385,Huarmey,PE,2022-10-02 06:49:14,-10.0681,-78.1522,61.7,87,55,8.03
386,Kangaatsiaq,GL,2022-10-02 06:49:14,68.3065,-53.4641,32.18,77,100,4.9
387,Raudeberg,NO,2022-10-02 06:49:15,61.9875,5.1352,50.86,46,33,14.54
388,Karaton,ID,2022-10-02 06:49:15,-6.3424,106.1045,84.9,68,82,3.62
389,Souillac,MU,2022-10-02 06:49:15,-20.5167,57.5167,75.58,53,75,11.5
390,Matagami,CA,2022-10-02 06:47:35,49.7502,-77.6328,30.31,93,0,3.44
391,Vao,NC,2022-10-02 06:49:16,-22.6667,167.4833,70.23,75,100,1.77
392,Yinchuan,CN,2022-10-02 06:49:16,38.4681,106.2731,76.57,24,100,7.23
393,Port Macquarie,AU,2022-10-02 06:49:17,-31.4333,152.9167,61.9,64,28,7.56
394,Marienburg,PL,2022-10-02 06:49:17,54.0359,19.0266,52.84,74,99,14.61
395,Mumford,GH,2022-10-02 06:49:18,5.2618,-0.759,75.56,90,87,5.61
396,Kawalu,ID,2022-10-02 06:49:18,-7.3817,108.2082,80.24,83,97,3.69
397,Lazaro Cardenas,MX,2022-10-02 06:49:18,17.9583,-102.2,76.6,89,100,5.01
398,Rafai,CF,2022-10-02 06:49:19,4.95,23.9167,73.99,88,100,3.04
399,Lavrentiya,RU,2022-10-02 06:49:19,65.5833,-171.0,34.14,82,8,9.28
400,Paamiut,GL,2022-10-02 06:49:20,61.994,-49.6678,36.55,69,100,8.08
401,Tatarsk,RU,2022-10-02 06:49:20,55.219,75.9828,42.1,47,6,1.59
402,Porto Novo,BJ,2022-10-02 06:44:32,6.4965,2.6036,76.82,91,100,3.33
403,Vestmanna,FO,2022-10-02 06:49:21,62.1564,-7.1664,49.12,81,100,18.41
404,Mino,JP,2022-10-02 06:49:21,34.8269,135.4706,86.85,43,20,8.05
405,Sumenep,ID,2022-10-02 06:49:21,-7.0167,113.8667,87.04,62,80,5.59
406,Kinlochleven,GB,2022-10-02 06:49:22,56.7115,-4.9661,51.3,92,90,6.4
407,Karrapur,IN,2022-10-02 06:49:22,23.95,78.85,86.27,50,60,11.05
408,Grand Forks,US,2022-10-02 06:45:40,47.9417,-97.4337,56.93,87,100,4.61
409,Thessalon,CA,2022-10-02 06:49:23,46.2501,-83.5666,44.89,70,0,13.29
410,Assiniboia,CA,2022-10-02 06:49:23,49.6334,-105.9845,53.42,76,100,6.91
411,Hvolsvollur,IS,2022-10-02 06:49:24,63.7533,-20.2243,45.73,83,100,18.66
412,Bengkulu,ID,2022-10-02 06:49:19,-3.8004,102.2655,79.97,84,100,8.61
413,Imeni Zhelyabova,RU,2022-10-02 06:50:24,58.9544,36.5956,44.64,92,100,9.48
414,Biak,ID,2022-10-02 06:50:24,-0.9131,122.8766,84.4,63,97,4.61
415,Coahuayana,MX,2022-10-02 06:50:25,18.7333,-103.6833,75.27,93,100,4.29
416,Solnechnyy,RU,2022-10-02 06:50:25,50.7214,136.6319,48.56,80,100,10.13
417,Kichera,RU,2022-10-02 06:50:26,55.9375,110.0997,32.7,50,99,5.03
418,Palamos,ES,2022-10-02 06:50:26,41.8484,3.1291,62.02,71,18,6.24
419,Huainan,CN,2022-10-02 06:50:26,32.6264,116.9969,103.26,25,45,10.38
420,Gemena,CD,2022-10-02 06:50:27,3.25,19.7667,76.14,88,27,3.53
421,Sistranda,NO,2022-10-02 06:50:27,63.7256,8.834,49.96,81,100,5.84
422,Havelock,US,2022-10-02 06:50:27,34.8791,-76.9013,67.98,91,0,3.42
423,Leeston,NZ,2022-10-02 06:50:28,-43.7667,172.3,48.36,71,96,9.15
424,Kutum,SD,2022-10-02 06:50:28,14.2,24.6667,81.97,39,16,3.24
425,Broken Hill,AU,2022-10-02 06:50:26,-31.95,141.4333,69.58,27,100,12.59
426,Arlit,NE,2022-10-02 06:50:29,18.7369,7.3853,90.79,27,5,9.24
427,Bahia Blanca,AR,2022-10-02 06:47:42,-38.7196,-62.2724,54.73,73,85,7.49
428,Choix,MX,2022-10-02 06:50:29,26.7092,-108.3219,72.79,63,0,4.25
429,Fairbanks,US,2022-10-02 06:46:31,64.8378,-147.7164,44.56,89,100,0.0
430,Dormidontovka,RU,2022-10-02 06:50:30,47.7702,134.9076,64.51,66,100,8.66
431,Plettenberg Bay,ZA,2022-10-02 06:50:30,-34.0527,23.3716,67.12,62,6,5.19
432,Chyhyryn,UA,2022-10-02 06:50:30,49.0838,32.6555,62.82,92,100,18.45
433,Sebaste,PH,2022-10-02 06:50:31,11.5901,122.0945,83.12,69,99,14.41
434,Noumea,NC,2022-10-02 06:50:31,-22.2763,166.4572,75.99,99,100,1.43
435,Wawa,NG,2022-10-02 06:50:32,9.9022,4.4192,73.11,91,100,4.74
436,Westport,US,2022-10-02 06:45:45,41.1415,-73.3579,61.63,60,100,13.8
437,Mozarlandia,BR,2022-10-02 06:50:32,-14.7447,-50.5706,80.76,48,68,6.62
438,Tual,ID,2022-10-02 06:50:32,-5.6667,132.75,82.6,72,71,6.26
439,Waverly,US,2022-10-02 06:46:07,42.7392,-84.6208,57.36,86,100,11.5
440,Chengde,CN,2022-10-02 06:50:33,40.9725,117.9361,63.54,83,100,3.02
441,Tazovskiy,RU,2022-10-02 06:50:33,67.4667,78.7,34.95,63,100,13.44
442,Phalombe,MW,2022-10-02 06:50:34,-15.8064,35.6507,81.21,34,0,4.07
443,Roald,NO,2022-10-02 06:50:34,62.5833,6.1333,54.34,93,0,4.61
444,Shaturtorf,RU,2022-10-02 06:50:35,55.5672,39.4169,50.47,81,100,8.88
445,Nanakuli,US,2022-10-02 06:50:35,21.3906,-158.1547,80.55,73,0,4.61
446,Mosalsk,RU,2022-10-02 06:50:35,54.4881,34.9817,49.77,76,100,2.42
447,Iki-Burul,RU,2022-10-02 06:50:36,45.8208,44.6472,74.7,40,100,14.74
448,Bodden Town,KY,2022-10-02 06:50:36,19.2833,-81.25,80.92,74,63,7.11
449,Hamilton,US,2022-10-02 06:45:40,39.1834,-84.5333,58.89,68,0,10.36
450,Nome,US,2022-10-02 06:46:10,64.5011,-165.4064,37.47,71,0,9.22
451,Sayat,TM,2022-10-02 06:50:37,38.7839,63.8803,66.07,14,0,13.13
452,Fuerte,PH,2022-10-02 06:50:37,17.5381,120.3644,84.15,69,75,2.98
453,Arys,KZ,2022-10-02 06:50:38,42.4252,68.795,64.96,16,0,3.29
454,Yenagoa,NG,2022-10-02 06:50:38,4.9247,6.2642,75.58,93,100,2.44
455,Shenjiamen,CN,2022-10-02 06:50:38,29.9576,122.298,79.38,84,27,19.39
456,Gweta,BW,2022-10-02 06:50:39,-20.1833,25.2333,81.79,15,0,13.67
457,Mackenzie,CA,2022-10-02 06:50:39,55.2999,-123.1698,68.22,45,100,13.8
458,Srednekolymsk,RU,2022-10-02 06:51:39,67.45,153.6833,27.7,75,100,5.23
459,Marsh Harbour,BS,2022-10-02 06:51:40,26.5412,-77.0636,80.96,76,0,4.88
460,La Baule-Escoublac,FR,2022-10-02 06:51:40,47.2922,-2.364,62.26,97,100,12.66
461,Changli,CN,2022-10-02 06:51:40,39.7042,119.1506,64.89,89,100,9.86
462,Atasu,KZ,2022-10-02 06:51:41,48.6814,71.6433,47.21,23,0,12.17
463,Khandbari,NP,2022-10-02 06:51:41,27.3747,87.2039,83.8,56,3,4.23
464,Aptos,US,2022-10-02 06:51:42,36.9772,-121.8994,63.21,81,100,0.0
465,Marfino,RU,2022-10-02 06:51:42,55.7028,37.3822,51.94,83,75,13.42
466,Shelburne,CA,2022-10-02 06:51:42,44.0787,-80.2041,46.85,81,0,12.01
467,Bartica,GY,2022-10-02 06:51:43,6.4,-58.6167,77.32,99,63,1.16
468,Pirovskoye,RU,2022-10-02 06:51:43,57.6267,92.2658,34.61,69,100,8.52
469,North Bend,US,2022-10-02 06:51:43,43.4065,-124.2243,55.92,98,100,4.61
470,Manta,EC,2022-10-02 06:51:44,-0.95,-80.7333,69.58,88,100,6.91
471,Qasigiannguit,GL,2022-10-02 06:51:44,68.8193,-51.1922,20.05,83,94,4.21
472,Congonhas,BR,2022-10-02 06:51:45,-20.4997,-43.8578,61.36,97,4,2.59
473,Fort-Shevchenko,KZ,2022-10-02 06:51:45,44.5086,50.263,70.32,46,0,25.26
474,Lodwar,KE,2022-10-02 06:51:45,3.1191,35.5973,87.55,37,7,15.86
475,Zaozerne,UA,2022-10-02 06:51:46,45.1582,33.2787,70.52,71,100,12.62
476,Djambala,CG,2022-10-02 06:51:46,-2.5447,14.7533,71.73,84,100,5.14
477,Grande Prairie,CA,2022-10-02 06:48:37,55.1667,-118.8027,53.78,66,0,10.36
478,Mountain Home,US,2022-10-02 06:51:47,43.133,-115.6912,54.88,44,0,6.91
479,Anzio,IT,2022-10-02 06:51:47,41.4853,12.6179,69.01,62,0,6.26
480,Sarankhola,BD,2022-10-02 06:51:47,22.3082,89.7897,78.73,93,100,4.54
481,Sosnovo-Ozerskoye,RU,2022-10-02 06:51:48,52.5249,111.5418,32.14,39,100,19.57
482,Ust-Tsilma,RU,2022-10-02 06:51:48,65.441,52.1498,43.61,94,100,5.48
483,Koungou,YT,2022-10-02 06:51:49,-12.7336,45.2042,82.11,61,75,4.61
484,Caravelas,BR,2022-10-02 06:51:49,-17.7125,-39.2481,69.28,83,0,3.8
485,Kindu,CD,2022-10-02 06:51:49,-2.95,25.95,76.35,72,100,2.51
486,Matara,LK,2022-10-02 06:51:50,5.9485,80.5353,83.75,75,84,16.89
487,Flinders,AU,2022-10-02 06:51:50,-34.5833,150.8552,62.06,72,16,5.08
488,Trinidad,BO,2022-10-02 06:51:50,-14.8333,-64.9,72.05,64,61,2.53
489,Morehead,US,2022-10-02 06:51:51,37.2711,-87.1764,56.98,88,0,0.0
490,Komatipoort,ZA,2022-10-02 06:51:51,-25.4332,31.9548,77.05,65,93,5.1
491,Tura,IN,2022-10-02 06:51:51,25.5198,90.2201,83.44,77,100,2.66
492,Zhanaozen,KZ,2022-10-02 06:51:52,43.3,52.8,67.39,21,12,18.75
493,Tarata,BO,2022-10-02 06:51:52,-17.6167,-66.0167,57.67,68,8,2.37
494,Gushikawa,JP,2022-10-02 06:51:53,26.3544,127.8686,87.8,63,0,11.5
495,Gwadar,PK,2022-10-02 06:51:53,25.1216,62.3254,82.63,67,0,7.2
496,Novomalorossiyskaya,RU,2022-10-02 06:51:53,45.6348,39.8948,77.31,42,47,7.9
497,Dakar,SN,2022-10-02 06:51:54,14.6937,-17.4441,80.73,78,40,2.3
498,Whitehorse,CA,2022-10-02 06:51:54,60.7161,-135.0538,48.97,48,0,11.5
499,San-Pedro,CI,2022-10-02 06:51:55,4.7485,-6.6363,74.55,93,100,3.2
500,Sergeyevka,KZ,2022-10-02 06:51:55,53.88,67.4158,43.7,28,9,7.18
501,Puerto Baquerizo Moreno,EC,2022-10-02 06:51:55,-0.9,-89.6,67.15,89,100,11.1
502,La Ronge,CA,2022-10-02 06:51:56,55.1001,-105.2842,52.05,76,0,10.36
503,Kaeo,NZ,2022-10-02 06:50:10,-35.1,173.7833,62.33,90,76,12.5
504,Lata,PT,2022-10-02 06:51:56,40.1629,-8.3327,58.69,51,15,4.43
505,San Carlos De Bariloche,AR,2022-10-02 06:48:02,-41.1456,-71.3082,49.01,62,0,5.75
506,Lewiston,US,2022-10-02 06:52:57,44.1003,-70.2148,53.78,86,0,13.8
507,Flin Flon,CA,2022-10-02 06:52:57,54.7682,-101.865,46.04,66,95,5.97
508,Akdepe,TM,2022-10-02 06:52:57,42.0551,59.3788,57.29,15,100,14.81
509,Ligayan,PH,2022-10-02 06:52:58,4.6533,119.4706,84.31,67,62,3.29
510,Port Hardy,CA,2022-10-02 06:52:58,50.6996,-127.4199,53.6,100,0,4.61
511,Lujiang,CN,2022-10-02 06:52:59,31.2581,117.2817,101.43,27,1,14.27
512,Kisangani,CD,2022-10-02 06:52:59,0.5167,25.2,74.03,90,100,1.97
513,Khatukay,RU,2022-10-02 06:52:59,45.1889,39.6664,67.98,46,81,5.7
514,Jumla,NP,2022-10-02 06:53:00,29.2747,82.1838,68.29,63,45,5.5
515,Cockburn Town,TC,2022-10-02 06:53:00,21.4612,-71.1419,82.63,77,84,18.32
516,Comodoro Rivadavia,AR,2022-10-02 06:50:42,-45.8667,-67.5,42.66,81,0,1.14
517,Iranshahr,IR,2022-10-02 06:53:01,27.2025,60.6848,95.34,13,0,11.5
518,Meulaboh,ID,2022-10-02 06:53:01,4.1363,96.1285,84.92,67,95,11.23
519,Oktyabrskiy,RU,2022-10-02 06:53:01,54.4815,53.471,54.43,48,100,17.13
520,Birao,CF,2022-10-02 06:53:02,10.2849,22.7882,82.26,70,52,3.29
521,Hornepayne,CA,2022-10-02 06:53:02,49.2138,-84.7705,31.51,90,0,4.18
522,Kibaya,TZ,2022-10-02 06:53:03,-5.3,36.5667,68.63,48,35,5.41
523,Deputatskiy,RU,2022-10-02 06:53:03,69.3,139.9,6.28,96,43,3.69
524,Aleksandrov Gay,RU,2022-10-02 06:53:04,50.147,48.5704,71.62,54,69,12.24
525,Villazon,BO,2022-10-02 06:53:04,-22.0866,-65.5942,39.09,85,1,2.48
526,Maningrida,AU,2022-10-02 06:53:04,-12.0667,134.2667,86.72,52,89,13.06
527,Kieta,PG,2022-10-02 06:53:05,-6.2167,155.6333,81.03,81,41,3.62
528,Samarai,PG,2022-10-02 06:53:05,-10.6167,150.6667,82.58,76,11,10.31
529,Brae,GB,2022-10-02 06:53:06,60.3964,-1.353,52.23,84,21,20.18
530,Batagay-Alyta,RU,2022-10-02 06:53:06,67.8006,130.4114,19.11,84,95,1.07
531,Benjamin Hill,MX,2022-10-02 06:53:06,30.1667,-111.1,68.72,61,98,3.83
532,Helena,US,2022-10-02 06:50:25,46.5927,-112.0361,51.17,92,100,3.0
533,Bundaberg,AU,2022-10-02 06:53:08,-24.85,152.35,63.21,96,97,1.99
534,Waipawa,NZ,2022-10-02 06:53:09,-41.4122,175.5153,47.89,98,100,9.35
535,Gasa,PS,2022-10-02 06:53:09,31.5,34.4667,81.88,71,0,5.32
536,Marsa Matruh,EG,2022-10-02 06:53:09,31.3525,27.2453,79.0,78,0,6.91
537,Aripuana,BR,2022-10-02 06:53:10,-9.1667,-60.6333,69.35,98,99,1.77
538,Srikakulam,IN,2022-10-02 06:53:10,18.3,83.9,89.51,63,100,7.38
539,Hami,CN,2022-10-02 06:53:11,42.8,93.45,54.82,14,96,10.04
540,Lakhdenpokhya,RU,2022-10-02 06:53:11,61.5198,30.1992,46.13,78,24,1.92
541,Karpinsk,RU,2022-10-02 06:53:12,59.7654,60.0085,44.6,73,100,7.31
542,Tagusao,PH,2022-10-02 06:53:12,9.1924,117.8141,84.7,72,100,5.37
543,Byron Bay,AU,2022-10-02 06:53:12,-28.65,153.6167,59.94,87,97,6.04
544,Honiara,SB,2022-10-02 06:50:49,-9.4333,159.95,80.55,83,100,3.56
545,Jamsa,FI,2022-10-02 06:53:13,61.8642,25.19,44.15,87,75,3.15
546,Ilo,PE,2022-10-02 06:53:13,-17.6394,-71.3375,58.93,81,31,6.98
547,Plerin,FR,2022-10-02 06:53:14,48.5425,-2.7798,62.92,90,100,11.5
548,Obukhiv,UA,2022-10-02 06:53:14,50.11,30.6227,56.59,93,100,11.05
549,Orimattila,FI,2022-10-02 06:53:14,60.8049,25.7296,44.65,86,79,3.91
550,Karoi,ZW,2022-10-02 06:53:15,-16.8099,29.6925,78.04,27,0,11.41
551,Oruro,BO,2022-10-02 06:54:15,-17.9833,-67.15,42.31,69,96,5.55
552,Sao Mateus Do Maranhao,BR,2022-10-02 06:54:16,-4.0417,-44.475,71.8,95,3,2.26
553,Salinas,US,2022-10-02 06:53:29,36.6777,-121.6555,62.42,77,100,3.44
